{
  "openapi": "3.0.1",
  "info": {
    "title": "AB-InBev Credit API Service",
    "description": "REST API for AB-InBev Credit API Service",
    "license": {
      "name": "Anheuser-Busch InBev © 2021"
    },
    "version": "v1.0.0.708420-main"
  },
  "servers": [
    {
      "url": "https://services-dev.bees-platform.dev/v1/credits",
      "description": "dev"
    },
    {
      "url": "https://services-sit.bees-platform.dev/v1/credits",
      "description": "sit"
    },
    {
      "url": "https://services-uat.bees-platform.dev/v1/credits",
      "description": "uat"
    }
  ],
  "security": [
    {
      "Authorization": []
    }
  ],
  "tags": [
    {
      "name": "Credits",
      "description": "Credits Information"
    }
  ],
  "paths": {
    "/": {
      "get": {
        "tags": [
          "Credits"
        ],
        "summary": "Retrieves a list of credit given a list of accountIds",
        "operationId": "listUsingGET",
        "parameters": [
          {
            "name": "accountId",
            "in": "query",
            "description": "Point of consumption unique identifier",
            "required": true,
            "style": "form",
            "explode": true,
            "schema": {
              "type": "array",
              "items": {
                "type": "string"
              }
            }
          },
          {
            "name": "country",
            "in": "header",
            "description": "Country/region. ISO 3166 alpha-2 country code",
            "required": true,
            "schema": {
              "type": "string"
            }
          },
          {
            "name": "requestTraceId",
            "in": "header",
            "description": "Cross transaction unique ID",
            "required": true,
            "schema": {}
          }
        ],
        "responses": {
          "200": {
            "description": "OK",
            "content": {
              "*/*": {
                "schema": {
                  "type": "array",
                  "items": {
                    "$ref": "#/components/schemas/Credit"
                  }
                }
              }
            }
          },
          "400": {
            "description": "Bad Request",
            "content": {}
          },
          "401": {
            "description": "Unauthorized",
            "content": {}
          },
          "403": {
            "description": "Forbidden",
            "content": {}
          }
        }
      }
    },
    "/consumption": {
      "post": {
        "tags": [
          "Credits"
        ],
        "summary": "Update b2b credit consumption",
        "operationId": "updateCreditConsumptionUsingPOST",
        "parameters": [
          {
            "name": "country",
            "in": "header",
            "description": "Country/region. ISO 3166 alpha-2 country code",
            "required": true,
            "schema": {
              "type": "string"
            }
          },
          {
            "name": "requestTraceId",
            "in": "header",
            "description": "Cross transaction unique ID",
            "required": true,
            "schema": {}
          }
        ],
        "requestBody": {
          "description": "request",
          "content": {
            "application/json": {
              "schema": {
                "$ref": "#/components/schemas/CreditConsumptionRequest"
              }
            }
          },
          "required": true
        },
        "responses": {
          "200": {
            "description": "OK",
            "content": {}
          },
          "400": {
            "description": "Bad Request",
            "content": {}
          },
          "401": {
            "description": "Unauthorized",
            "content": {}
          },
          "403": {
            "description": "Forbidden",
            "content": {}
          },
          "404": {
            "description": "Not found",
            "content": {}
          },
          "503": {
            "description": "Service Unavailable",
            "content": {}
          }
        },
        "x-codegen-request-body-name": "request"
      }
    },
    "/statement": {
      "get": {
        "tags": [
          "Credits"
        ],
        "summary": "Retrieve Credit Statement by Account ID.",
        "operationId": "getCreditStatementUsingGET",
        "parameters": [
          {
            "name": "accountId",
            "in": "query",
            "description": "Point of consumption unique identifier",
            "required": true,
            "schema": {
              "type": "string"
            }
          },
          {
            "name": "country",
            "in": "header",
            "description": "Country/region. ISO 3166 alpha-2 country code",
            "required": true,
            "schema": {
              "type": "string"
            }
          },
          {
            "name": "requestTraceId",
            "in": "header",
            "description": "Cross transaction unique ID",
            "required": true,
            "schema": {}
          }
        ],
        "responses": {
          "200": {
            "description": "OK",
            "content": {
              "*/*": {
                "schema": {
                  "type": "array",
                  "items": {
                    "$ref": "#/components/schemas/CreditStatement"
                  }
                }
              }
            }
          },
          "400": {
            "description": "Bad Request",
            "content": {}
          },
          "401": {
            "description": "Unauthorized",
            "content": {}
          },
          "403": {
            "description": "Forbidden",
            "content": {}
          }
        }
      }
    }
  },
  "components": {
    "schemas": {
      "Credit": {
        "title": "Credit",
        "type": "object",
        "properties": {
          "accountId": {
            "type": "string",
            "description": "Account unique identifier.",
            "example": "123456"
          },
          "available": {
            "type": "number",
            "description": "The amount of available credit left to place orders.",
            "example": 500
          },
          "balance": {
            "type": "number",
            "description": "The credit that the customer used and thus owes ABI following his/her payment term.",
            "example": 1000
          },
          "consumption": {
            "type": "number",
            "description": "Credit consumed on B2B Platform before last credit update.",
            "example": 0
          },
          "overdue": {
            "type": "number",
            "description": "The credit that the customer used but past due.",
            "example": 500
          },
          "paymentTerms": {
            "type": "string",
            "description": "The method of how POCs pay ABI.",
            "example": "30 DAY CHARGE"
          },
          "total": {
            "type": "number",
            "description": "The amount of credit that the customer can use to buy without necessity to pay the invoice when the order is delivered.",
            "example": 1000
          },
          "updatedAt": {
            "type": "string",
            "format": "date-time",
            "example": "2021-02-05T14:50:20.257Z"
          }
        }
      },
      "CreditConsumptionRequest": {
        "title": "CreditConsumptionRequest",
        "required": [
          "accountId",
          "consumption"
        ],
        "type": "object",
        "properties": {
          "accountId": {
            "type": "string",
            "description": "The credit accountId unique identifier"
          },
          "consumption": {
            "minimum": 0,
            "exclusiveMinimum": false,
            "type": "number",
            "description": "Credit consumed on B2B Platform before last credit update."
          }
        }
      },
      "CreditStatement": {
        "title": "CreditStatement",
        "type": "object",
        "properties": {
          "balance": {
            "type": "number",
            "description": "The current credit balance on the date.",
            "example": 1000
          },
          "date": {
            "type": "string",
            "description": "The credit statement date.",
            "example": "03/2019"
          },
          "url": {
            "type": "string",
            "description": "The url to download the file.",
            "example": "https://www.example.com/files/file.pdf"
          },
          "urlExpiresAt": {
            "type": "string",
            "description": "The expiration date of the url file.",
            "example": "2019-04-22T13:58:21.763Z"
          }
        }
      },
      "ErrorResponse": {
        "title": "ErrorResponse",
        "type": "object",
        "properties": {
          "details": {
            "type": "array",
            "description": "The list of errors.",
            "items": {
              "$ref": "#/components/schemas/Issue"
            }
          },
          "message": {
            "type": "string",
            "description": "The generic service error message.",
            "example": "Invalid field values"
          }
        }
      },
      "Issue": {
        "title": "Issue",
        "type": "object",
        "properties": {
          "code": {
            "type": "string",
            "description": "The service error code.",
            "example": "credit-service.required-field"
          },
          "message": {
            "type": "string",
            "description": "The service error message.",
            "example": "The field value is required"
          }
        }
      }
    },
    "securitySchemes": {
      "Authorization": {
        "type": "http",
        "scheme": "bearer"
      }
    }
  }
}