{
  "openapi": "3.0.1",
  "info": {
    "title": "AB-InBev Credit Relay Service",
    "description": "REST API for AB-InBev Credit Relay Service",
    "license": {
      "name": "Anheuser-Busch InBev © 2021"
    },
    "version": "v1.0.0.708420-main"
  },
  "servers": [
    {
      "url": "https://services-dev.bees-platform.dev/v1/credit-relay",
      "description": "dev"
    },
    {
      "url": "https://services-sit.bees-platform.dev/v1/credit-relay",
      "description": "sit"
    },
    {
      "url": "https://services-uat.bees-platform.dev/v1/credit-relay",
      "description": "uat"
    }
  ],
  "security": [
    {
      "Authorization": []
    }
  ],
  "tags": [
    {
      "name": "Credit",
      "description": "Credit Controller"
    }
  ],
  "paths": {
    "/": {
      "post": {
        "tags": [
          "Credit"
        ],
        "summary": "Credits Creation",
        "description": "Creates or updates the credit information for accounts.",
        "operationId": "createCreditsUsingPOST",
        "parameters": [
          {
            "name": "Content-Encoding",
            "in": "header",
            "description": "its value indicates which encodings were applied to the entity-body(<b>Accepted: gzip</b>)",
            "schema": {
              "type": "string"
            }
          },
          {
            "name": "country",
            "in": "header",
            "description": "Country/region. ISO 3166 alpha-2 country code",
            "required": true,
            "schema": {
              "type": "string"
            }
          },
          {
            "name": "requestTraceId",
            "in": "header",
            "description": "Cross transaction unique ID",
            "schema": {
              "type": "string"
            }
          }
        ],
        "requestBody": {
          "description": "credits",
          "content": {
            "application/json": {
              "schema": {
                "type": "array",
                "items": {
                  "$ref": "#/components/schemas/CreditRequest"
                }
              }
            }
          },
          "required": true
        },
        "responses": {
          "202": {
            "description": "Accepted",
            "content": {}
          },
          "400": {
            "description": "The credit request is invalid",
            "content": {
              "application/json": {
                "schema": {
                  "$ref": "#/components/schemas/MessageResponse"
                }
              }
            }
          },
          "401": {
            "description": "Unauthorized access",
            "content": {}
          },
          "503": {
            "description": "Service Unavailable. This error can be a result of queue infrastructure not available. In this case, nothing will be processed.",
            "content": {
              "application/json": {
                "schema": {
                  "$ref": "#/components/schemas/MessageResponse"
                }
              }
            }
          }
        },
        "deprecated": false,
        "x-codegen-request-body-name": "credits"
      }
    }
  },
  "components": {
    "schemas": {
      "CreditRequest": {
        "title": "CreditRequest",
        "type": "object",
        "properties": {
          "accountId": {
            "type": "array",
            "description": "The POC account identifier(s) as string or a list.",
            "example": "accountId-001",
            "items": {
              "type": "string"
            }
          },
          "available": {
            "type": "number",
            "description": "The amount of available credit left to place orders."
          },
          "balance": {
            "type": "number",
            "description": "The credit that the customer used and thus owes ABI following his/her payment term."
          },
          "consumption": {
            "type": "number",
            "description": "Credit consumed on B2B Platform before last credit update."
          },
          "overdue": {
            "type": "number",
            "description": "The credit that the customer used but past due."
          },
          "paymentTerms": {
            "type": "string",
            "description": "The method of how POCs pay ABI."
          },
          "total": {
            "type": "number",
            "description": "The sum total of credits (overdue or not) of the account. Credits can be used to make purchases without to paying the invoice when the order is delivered."
          }
        }
      },
      "MessageResponse": {
        "title": "MessageResponse",
        "type": "object",
        "properties": {
          "code": {
            "type": "integer",
            "format": "int32"
          },
          "details": {
            "type": "array",
            "items": {
              "type": "string"
            }
          },
          "message": {
            "type": "string"
          }
        }
      }
    },
    "securitySchemes": {
      "Authorization": {
        "type": "http",
        "scheme": "bearer"
      }
    }
  }
}