<configuration>
	<appender name="STDOUT"
		class="ch.qos.logback.core.ConsoleAppender">
		<encoder>
			<pattern>%d{yyyy-MM-dd HH:mm:ss.SSS} %5p ${hostName} --- [ServiceName: %X{serviceName}] --- [RequestTraceId: %X{requestTraceId}] --- [RequestUri: %X{requestUri}] --- [Country: %X{country}] --- [AccountId: %X{account_id}] --- [File: %X{file}] --- [%15.15t] %-40.40c{1.}: %m%n%ex</pattern>
		</encoder>
	</appender>
	<appender name="NEW_RELIC"
		class="ch.qos.logback.core.ConsoleAppender">
		<encoder class="com.newrelic.logging.logback.NewRelicEncoder" />
	</appender>
	<root level="info">
		<appender-ref ref="${LOG_APPENDER:-STDOUT}" />
	</root>
</configuration>